<?xml version="1.0" encoding="UTF-8"?>
<PcGts xmlns="http://schema.primaresearch.org/PAGE/gts/pagecontent/2010-03-19" xmlns:xsi="http://www.w3.org/2001/XMLSchema-instance" xsi:schemaLocation="http://schema.primaresearch.org/PAGE/gts/pagecontent/2010-03-19 http://schema.primaresearch.org/PAGE/gts/pagecontent/2010-03-19/pagecontent.xsd">
  <Metadata>
    <Creator>LRDE</Creator>
    <Created>2013-04-20T08:49:31</Created>
    <LastChange>2013-04-20T08:49:31</LastChange>
    <Comments>Generated by Scribo from Olena.</Comments>
  </Metadata>
  <Page imageFilename="eurotext.tif" imageWidth="1024" imageHeight="800">
    <TextRegion id="r1" orientation="0" readingOrientation="0" readingDirection="left-to-right" type="paragraph" reverseVideo="false" indented="false" kerning="6" textColour="black">
      <Coords>
        <Point x="102" y="362"/>
        <Point x="102" y="267"/>
        <Point x="103" y="267"/>
        <Point x="103" y="187"/>
        <Point x="104" y="187"/>
        <Point x="104" y="126"/>
        <Point x="105" y="126"/>
        <Point x="105" y="67"/>
        <Point x="106" y="67"/>
        <Point x="106" y="66"/>
        <Point x="142" y="66"/>
        <Point x="142" y="67"/>
        <Point x="277" y="67"/>
        <Point x="277" y="68"/>
        <Point x="316" y="68"/>
        <Point x="316" y="69"/>
        <Point x="397" y="69"/>
        <Point x="397" y="71"/>
        <Point x="593" y="71"/>
        <Point x="593" y="72"/>
        <Point x="595" y="72"/>
        <Point x="595" y="73"/>
        <Point x="698" y="73"/>
        <Point x="698" y="74"/>
        <Point x="820" y="74"/>
        <Point x="820" y="75"/>
        <Point x="821" y="75"/>
        <Point x="821" y="76"/>
        <Point x="822" y="76"/>
        <Point x="822" y="125"/>
        <Point x="835" y="125"/>
        <Point x="835" y="126"/>
        <Point x="836" y="126"/>
        <Point x="836" y="134"/>
        <Point x="880" y="134"/>
        <Point x="880" y="135"/>
        <Point x="886" y="135"/>
        <Point x="886" y="234"/>
        <Point x="892" y="234"/>
        <Point x="892" y="235"/>
        <Point x="894" y="235"/>
        <Point x="894" y="236"/>
        <Point x="895" y="236"/>
        <Point x="895" y="238"/>
        <Point x="896" y="238"/>
        <Point x="896" y="253"/>
        <Point x="898" y="253"/>
        <Point x="898" y="334"/>
        <Point x="910" y="334"/>
        <Point x="910" y="335"/>
        <Point x="912" y="335"/>
        <Point x="912" y="336"/>
        <Point x="913" y="336"/>
        <Point x="913" y="337"/>
        <Point x="914" y="337"/>
        <Point x="914" y="339"/>
        <Point x="915" y="339"/>
        <Point x="915" y="353"/>
        <Point x="916" y="353"/>
        <Point x="916" y="354"/>
        <Point x="917" y="354"/>
        <Point x="917" y="355"/>
        <Point x="886" y="355"/>
        <Point x="886" y="356"/>
        <Point x="858" y="356"/>
        <Point x="858" y="454"/>
        <Point x="857" y="454"/>
        <Point x="857" y="455"/>
        <Point x="855" y="455"/>
        <Point x="855" y="456"/>
        <Point x="833" y="456"/>
        <Point x="833" y="496"/>
        <Point x="832" y="496"/>
        <Point x="832" y="547"/>
        <Point x="831" y="547"/>
        <Point x="831" y="550"/>
        <Point x="830" y="550"/>
        <Point x="830" y="551"/>
        <Point x="829" y="551"/>
        <Point x="829" y="552"/>
        <Point x="828" y="552"/>
        <Point x="828" y="604"/>
        <Point x="826" y="604"/>
        <Point x="826" y="605"/>
        <Point x="753" y="605"/>
        <Point x="753" y="612"/>
        <Point x="698" y="612"/>
        <Point x="698" y="644"/>
        <Point x="697" y="644"/>
        <Point x="697" y="647"/>
        <Point x="696" y="647"/>
        <Point x="696" y="649"/>
        <Point x="695" y="649"/>
        <Point x="695" y="650"/>
        <Point x="694" y="650"/>
        <Point x="694" y="651"/>
        <Point x="693" y="651"/>
        <Point x="693" y="652"/>
        <Point x="691" y="652"/>
        <Point x="691" y="653"/>
        <Point x="625" y="653"/>
        <Point x="625" y="657"/>
        <Point x="624" y="657"/>
        <Point x="624" y="658"/>
        <Point x="623" y="658"/>
        <Point x="623" y="659"/>
        <Point x="556" y="659"/>
        <Point x="556" y="660"/>
        <Point x="554" y="660"/>
        <Point x="554" y="659"/>
        <Point x="485" y="659"/>
        <Point x="485" y="658"/>
        <Point x="481" y="658"/>
        <Point x="481" y="650"/>
        <Point x="417" y="650"/>
        <Point x="417" y="649"/>
        <Point x="396" y="649"/>
        <Point x="396" y="648"/>
        <Point x="309" y="648"/>
        <Point x="309" y="647"/>
        <Point x="222" y="647"/>
        <Point x="222" y="646"/>
        <Point x="161" y="646"/>
        <Point x="161" y="645"/>
        <Point x="100" y="645"/>
        <Point x="100" y="644"/>
        <Point x="98" y="644"/>
        <Point x="98" y="576"/>
        <Point x="99" y="576"/>
        <Point x="99" y="543"/>
        <Point x="100" y="543"/>
        <Point x="100" y="426"/>
        <Point x="101" y="426"/>
        <Point x="101" y="383"/>
        <Point x="102" y="383"/>
        <Point x="102" y="363"/>
      </Coords>
    </TextRegion>
  </Page>
</PcGts>
