[{"_id": "Network-Geo", "_score": 0.0, "_index": ".kibana", "_source": {"visState": "{\n  \"type\": \"tile_map\",\n  \"params\": {\n    \"addTooltip\": true,\n    \"heatBlur\": 15,\n    \"heatMaxZoom\": 16,\n    \"heatMinOpacity\": 0.1,\n    \"heatNormalizeData\": true,\n    \"heatRadius\": 25,\n    \"isDesaturated\": true,\n    \"mapType\": \"Shaded Circle Markers\",\n    \"spyPerPage\": 10\n  },\n  \"aggs\": [\n    {\n      \"id\": \"1\",\n      \"type\": \"count\",\n      \"schema\": \"metric\",\n      \"params\": {}\n    },\n    {\n      \"id\": \"2\",\n      \"type\": \"geohash_grid\",\n      \"schema\": \"segment\",\n      \"params\": {\n        \"field\": \"network.country_geo\",\n        \"autoPrecision\": true,\n        \"mapZoom\": 2,\n        \"mapCenter\": [\n          25.64152637306577,\n          0\n        ],\n        \"precision\": 2,\n        \"json\": \"\"\n      }\n    }\n  ],\n  \"listeners\": {}\n}", "version": 1, "kibanaSavedObjectMeta": {"searchSourceJSON": "{\n  \"index\": \"ipwhois\",\n  \"query\": {\n    \"query_string\": {\n      \"analyze_wildcard\": true,\n      \"query\": \"*\"\n    }\n  },\n  \"filter\": []\n}"}, "description": "", "title": "Network Geo"}, "_type": "visualization"}, {"_id": "Query-Geo", "_score": 0.0, "_index": ".kibana", "_source": {"visState": "{\"type\":\"tile_map\",\"params\":{\"addTooltip\":true,\"heatBlur\":15,\"heatMaxZoom\":16,\"heatMinOpacity\":0.1,\"heatNormalizeData\":true,\"heatRadius\":25,\"isDesaturated\":true,\"mapType\":\"Shaded Circle Markers\",\"spyPerPage\":10},\"aggs\":[{\"id\":\"1\",\"type\":\"count\",\"schema\":\"metric\",\"params\":{}},{\"id\":\"2\",\"type\":\"geohash_grid\",\"schema\":\"segment\",\"params\":{\"field\":\"query_geo\",\"autoPrecision\":true,\"mapZoom\":2,\"mapCenter\":[25.64152637306577,0],\"precision\":2,\"json\":\"\"}}],\"listeners\":{}}", "version": 1, "kibanaSavedObjectMeta": {"searchSourceJSON": "{\"index\":\"ipwhois\",\"query\":{\"query_string\":{\"analyze_wildcard\":true,\"query\":\"*\"}},\"filter\":[]}"}, "description": "", "title": "Query Geo"}, "_type": "visualization"}, {"_id": "AS-slash-Network-Fields", "_score": 0.0, "_index": ".kibana", "_source": {"version": 1, "description": "", "columns": ["query", "asn", "asn_cidr", "asn_country_code", "asn_date", "asn_registry", "network.name", "network.country", "network.country_name", "network.handle", "network.parent_handle", "network.ip_version", "network.start_address", "network.end_address"], "title": "AS/Network Fields", "hits": 0, "sort": ["asn_cidr", "desc"], "kibanaSavedObjectMeta": {"searchSourceJSON": "{\"index\":\"ipwhois\",\"highlight\":{\"pre_tags\":[\"@kibana-highlighted-field@\"],\"post_tags\":[\"@/kibana-highlighted-field@\"],\"fields\":{\"*\":{}},\"fragment_size\":2147483647},\"filter\":[],\"query\":{\"query_string\":{\"query\":\"_type: base\",\"analyze_wildcard\":true}}}"}}, "_type": "search"}, {"_id": "Table-(AS-slash-Network)", "_score": 0.0, "_index": ".kibana", "_source": {"version": 1, "description": "", "timeRestore": false, "title": "Table (AS/Network)", "hits": 0, "kibanaSavedObjectMeta": {"searchSourceJSON": "{\"filter\":[{\"query\":{\"query_string\":{\"analyze_wildcard\":true,\"query\":\"*\"}}}]}"}, "panelsJSON": "[{\"id\":\"AS-slash-Network-Fields\",\"type\":\"search\",\"size_x\":12,\"size_y\":8,\"col\":1,\"row\":1,\"columns\":[\"query\",\"asn\",\"asn_cidr\",\"asn_country_code\",\"asn_date\",\"asn_registry\",\"network.name\",\"network.country\",\"network.country_name\",\"network.handle\",\"network.parent_handle\",\"network.ip_version\",\"network.start_address\",\"network.end_address\"],\"sort\":[\"asn_cidr\",\"desc\"]}]"}, "_type": "dashboard"}, {"_id": "Network-Events-Histogram-by-Action", "_score": 0.0, "_index": ".kibana", "_source": {"visState": "{\"type\":\"area\",\"params\":{\"shareYAxis\":true,\"addTooltip\":true,\"addLegend\":true,\"smoothLines\":false,\"scale\":\"linear\",\"interpolate\":\"linear\",\"mode\":\"stacked\",\"times\":[],\"addTimeMarker\":false,\"defaultYExtents\":false,\"setYExtents\":false,\"yAxis\":{}},\"aggs\":[{\"id\":\"1\",\"type\":\"count\",\"schema\":\"metric\",\"params\":{}},{\"id\":\"2\",\"type\":\"date_histogram\",\"schema\":\"segment\",\"params\":{\"field\":\"network.events.timestamp\",\"interval\":\"d\",\"customInterval\":\"2h\",\"min_doc_count\":1,\"extended_bounds\":{}}},{\"id\":\"4\",\"type\":\"terms\",\"schema\":\"split\",\"params\":{\"field\":\"network.events.action\",\"size\":5,\"order\":\"desc\",\"orderBy\":\"1\",\"row\":true}}],\"listeners\":{}}", "version": 1, "kibanaSavedObjectMeta": {"searchSourceJSON": "{\"index\":\"ipwhois\",\"query\":{\"query_string\":{\"query\":\"_type: base\",\"analyze_wildcard\":true}},\"filter\":[]}"}, "description": "", "title": "Network Events Histogram by Action"}, "_type": "visualization"}, {"_id": "Network-Updated-Histogram", "_score": 0.0, "_index": ".kibana", "_source": {"visState": "{\"type\":\"line\",\"params\":{\"shareYAxis\":true,\"addTooltip\":true,\"addLegend\":true,\"showCircles\":true,\"smoothLines\":false,\"interpolate\":\"linear\",\"scale\":\"linear\",\"drawLinesBetweenPoints\":true,\"radiusRatio\":9,\"times\":[],\"addTimeMarker\":false,\"defaultYExtents\":false,\"setYExtents\":false,\"yAxis\":{}},\"aggs\":[{\"id\":\"1\",\"type\":\"count\",\"schema\":\"metric\",\"params\":{}},{\"id\":\"2\",\"type\":\"date_histogram\",\"schema\":\"segment\",\"params\":{\"field\":\"updated\",\"interval\":\"auto\",\"customInterval\":\"2h\",\"min_doc_count\":1,\"extended_bounds\":{}}}],\"listeners\":{}}", "version": 1, "kibanaSavedObjectMeta": {"searchSourceJSON": "{\"index\":\"ipwhois\",\"query\":{\"query_string\":{\"query\":\"_type: base\",\"analyze_wildcard\":true}},\"filter\":[]}"}, "description": "", "title": "Network Updated Histogram"}, "_type": "visualization"}, {"_id": "Network-Name-(Top-10)", "_score": 0.0, "_index": ".kibana", "_source": {"visState": "{\"type\":\"histogram\",\"params\":{\"shareYAxis\":true,\"addTooltip\":true,\"addLegend\":true,\"scale\":\"linear\",\"mode\":\"stacked\",\"times\":[],\"addTimeMarker\":false,\"defaultYExtents\":false,\"setYExtents\":false,\"yAxis\":{}},\"aggs\":[{\"id\":\"1\",\"type\":\"count\",\"schema\":\"metric\",\"params\":{}},{\"id\":\"2\",\"type\":\"terms\",\"schema\":\"segment\",\"params\":{\"field\":\"network.name\",\"size\":10,\"order\":\"desc\",\"orderBy\":\"1\"}}],\"listeners\":{}}", "version": 1, "kibanaSavedObjectMeta": {"searchSourceJSON": "{\"index\":\"ipwhois\",\"query\":{\"query_string\":{\"query\":\"_type: base\",\"analyze_wildcard\":true}},\"filter\":[]}"}, "description": "", "title": "Network Name (Top 10)"}, "_type": "visualization"}, {"_id": "Entity-Contact-Address-Geo-(geopy)", "_score": 0.0, "_index": ".kibana", "_source": {"visState": "{\"type\":\"tile_map\",\"params\":{\"mapType\":\"Shaded Circle Markers\",\"isDesaturated\":true,\"heatMaxZoom\":16,\"heatMinOpacity\":0.1,\"heatRadius\":25,\"heatBlur\":15,\"heatNormalizeData\":true,\"addTooltip\":true},\"aggs\":[{\"id\":\"1\",\"type\":\"count\",\"schema\":\"metric\",\"params\":{}},{\"id\":\"2\",\"type\":\"geohash_grid\",\"schema\":\"segment\",\"params\":{\"field\":\"contact.address.geo\",\"autoPrecision\":true,\"precision\":2}}],\"listeners\":{}}", "version": 1, "description": "", "kibanaSavedObjectMeta": {"searchSourceJSON": "{\"index\":\"ipwhois\",\"query\":{\"query_string\":{\"query\":\"_type: entity\",\"analyze_wildcard\":true}},\"filter\":[]}"}, "title": "Entity Contact Address Geo (geopy)"}, "_type": "visualization"}, {"_id": "Network-Summary", "_score": 0.0, "_index": ".kibana", "_source": {"version": 1, "description": "", "timeRestore": false, "title": "Network Summary", "hits": 0, "kibanaSavedObjectMeta": {"searchSourceJSON": "{\"filter\":[{\"query\":{\"query_string\":{\"query\":\"_type: base\",\"analyze_wildcard\":true}}}]}"}, "panelsJSON": "[{\"col\":7,\"id\":\"Network-Geo\",\"row\":5,\"size_x\":6,\"size_y\":4,\"type\":\"visualization\"},{\"col\":1,\"id\":\"Network-Updated-Histogram\",\"row\":1,\"size_x\":6,\"size_y\":4,\"type\":\"visualization\"},{\"col\":7,\"id\":\"Network-Country-(Top-10)\",\"row\":1,\"size_x\":3,\"size_y\":4,\"type\":\"visualization\"},{\"col\":10,\"id\":\"Network-Name-(Top-10)\",\"row\":1,\"size_x\":3,\"size_y\":4,\"type\":\"visualization\"},{\"id\":\"Network-Events-Histogram-by-Action\",\"type\":\"visualization\",\"size_x\":6,\"size_y\":4,\"col\":1,\"row\":5}]"}, "_type": "dashboard"}, {"_id": "Entity-Fields", "_score": 0.0, "_index": ".kibana", "_source": {"version": 1, "description": "", "columns": ["handle", "contact.kind", "contact.name", "contact.role", "contact.title", "entities", "roles", "status"], "title": "Entity Fields", "hits": 0, "sort": ["updated", "desc"], "kibanaSavedObjectMeta": {"searchSourceJSON": "{\"index\":\"ipwhois\",\"highlight\":{\"pre_tags\":[\"@kibana-highlighted-field@\"],\"post_tags\":[\"@/kibana-highlighted-field@\"],\"fields\":{\"*\":{}},\"fragment_size\":2147483647},\"filter\":[],\"query\":{\"query_string\":{\"query\":\"_type: entity\",\"analyze_wildcard\":true}}}"}}, "_type": "search"}, {"_id": "Table-(Entity)", "_score": 0.0, "_index": ".kibana", "_source": {"version": 1, "description": "", "timeRestore": false, "title": "Table (Entity)", "hits": 0, "kibanaSavedObjectMeta": {"searchSourceJSON": "{\"filter\":[{\"query\":{\"query_string\":{\"query\":\"*\",\"analyze_wildcard\":true}}}]}"}, "panelsJSON": "[{\"id\":\"Entity-Fields\",\"type\":\"search\",\"size_x\":12,\"size_y\":8,\"col\":1,\"row\":1,\"columns\":[\"handle\",\"contact.kind\",\"contact.name\",\"contact.role\",\"contact.title\",\"entities\",\"roles\",\"status\"],\"sort\":[\"updated\",\"desc\"]}]"}, "_type": "dashboard"}, {"_id": "Query-ASN-Registry-(Top-5)", "_score": 0.0, "_index": ".kibana", "_source": {"visState": "{\"type\":\"pie\",\"params\":{\"shareYAxis\":true,\"addTooltip\":true,\"addLegend\":true,\"isDonut\":false},\"aggs\":[{\"id\":\"1\",\"type\":\"count\",\"schema\":\"metric\",\"params\":{}},{\"id\":\"2\",\"type\":\"terms\",\"schema\":\"segment\",\"params\":{\"field\":\"asn_registry\",\"size\":5,\"order\":\"desc\",\"orderBy\":\"1\"}}],\"listeners\":{}}", "version": 1, "kibanaSavedObjectMeta": {"searchSourceJSON": "{\"index\":\"ipwhois\",\"query\":{\"query_string\":{\"query\":\"_type: base\",\"analyze_wildcard\":true}},\"filter\":[]}"}, "description": "", "title": "Query ASN Registry (Top 5)"}, "_type": "visualization"}, {"_id": "Query-Summary", "_score": 0.0, "_index": ".kibana", "_source": {"version": 1, "description": "", "timeRestore": false, "title": "Query Summary", "hits": 0, "kibanaSavedObjectMeta": {"searchSourceJSON": "{\"filter\":[{\"query\":{\"query_string\":{\"analyze_wildcard\":true,\"query\":\"*\"}}}]}"}, "panelsJSON": "[{\"col\":1,\"id\":\"Query-Geo\",\"row\":1,\"size_x\":6,\"size_y\":4,\"type\":\"visualization\"},{\"id\":\"Query-ASN-Registry-(Top-5)\",\"type\":\"visualization\",\"size_x\":3,\"size_y\":4,\"col\":7,\"row\":1}]"}, "_type": "dashboard"}, {"_id": "Entity-Updated-Histogram", "_score": 0.0, "_index": ".kibana", "_source": {"visState": "{\"type\":\"line\",\"params\":{\"addLegend\":true,\"addTimeMarker\":false,\"addTooltip\":true,\"defaultYExtents\":false,\"drawLinesBetweenPoints\":true,\"interpolate\":\"linear\",\"radiusRatio\":9,\"scale\":\"linear\",\"setYExtents\":false,\"shareYAxis\":true,\"showCircles\":true,\"smoothLines\":false,\"times\":[],\"yAxis\":{}},\"aggs\":[{\"id\":\"1\",\"type\":\"count\",\"schema\":\"metric\",\"params\":{}},{\"id\":\"2\",\"type\":\"date_histogram\",\"schema\":\"segment\",\"params\":{\"field\":\"updated\",\"interval\":\"auto\",\"customInterval\":\"2h\",\"min_doc_count\":1,\"extended_bounds\":{}}}],\"listeners\":{}}", "version": 1, "description": "", "kibanaSavedObjectMeta": {"searchSourceJSON": "{\"index\":\"ipwhois\",\"query\":{\"query_string\":{\"query\":\"_type: entity\",\"analyze_wildcard\":true}},\"filter\":[]}"}, "title": "Entity Updated Histogram"}, "_type": "visualization"}, {"_id": "Entity-Events-Histogram-by-Action", "_score": 0.0, "_index": ".kibana", "_source": {"visState": "{\"type\":\"area\",\"params\":{\"shareYAxis\":true,\"addTooltip\":true,\"addLegend\":true,\"smoothLines\":false,\"scale\":\"linear\",\"interpolate\":\"linear\",\"mode\":\"stacked\",\"times\":[],\"addTimeMarker\":false,\"defaultYExtents\":false,\"setYExtents\":false,\"yAxis\":{}},\"aggs\":[{\"id\":\"1\",\"type\":\"count\",\"schema\":\"metric\",\"params\":{}},{\"id\":\"2\",\"type\":\"date_histogram\",\"schema\":\"segment\",\"params\":{\"field\":\"events.timestamp\",\"interval\":\"d\",\"customInterval\":\"2h\",\"min_doc_count\":1,\"extended_bounds\":{}}},{\"id\":\"4\",\"type\":\"terms\",\"schema\":\"split\",\"params\":{\"field\":\"events.action\",\"size\":5,\"order\":\"desc\",\"orderBy\":\"1\",\"row\":true}}],\"listeners\":{}}", "version": 1, "description": "", "kibanaSavedObjectMeta": {"searchSourceJSON": "{\"index\":\"ipwhois\",\"query\":{\"query_string\":{\"query\":\"_type: entity\",\"analyze_wildcard\":true}},\"filter\":[]}"}, "title": "Entity Events Histogram by Action"}, "_type": "visualization"}, {"_id": "Entity-Top-Name-by-Kind", "_score": 0.0, "_index": ".kibana", "_source": {"visState": "{\"type\":\"histogram\",\"params\":{\"shareYAxis\":true,\"addTooltip\":true,\"addLegend\":true,\"scale\":\"linear\",\"mode\":\"grouped\",\"times\":[],\"addTimeMarker\":false,\"defaultYExtents\":false,\"setYExtents\":false,\"yAxis\":{}},\"aggs\":[{\"id\":\"1\",\"type\":\"count\",\"schema\":\"metric\",\"params\":{}},{\"id\":\"2\",\"type\":\"terms\",\"schema\":\"segment\",\"params\":{\"field\":\"contact.kind\",\"size\":5,\"order\":\"desc\",\"orderBy\":\"1\"}},{\"id\":\"3\",\"type\":\"terms\",\"schema\":\"group\",\"params\":{\"field\":\"contact.name\",\"size\":5,\"order\":\"desc\",\"orderBy\":\"custom\",\"orderAgg\":{\"id\":\"3-orderAgg\",\"type\":\"count\",\"schema\":\"orderAgg\",\"params\":{}}}}],\"listeners\":{}}", "version": 1, "description": "", "kibanaSavedObjectMeta": {"searchSourceJSON": "{\"index\":\"ipwhois\",\"query\":{\"query_string\":{\"query\":\"_type: entity\",\"analyze_wildcard\":true}},\"filter\":[]}"}, "title": "Entity Top Name by Kind"}, "_type": "visualization"}, {"_id": "Entity-Summary", "_score": 0.0, "_index": ".kibana", "_source": {"version": 1, "kibanaSavedObjectMeta": {"searchSourceJSON": "{\"filter\":[{\"query\":{\"query_string\":{\"analyze_wildcard\":true,\"query\":\"_type: entity\"}}}]}"}, "timeRestore": false, "title": "Entity Summary", "hits": 0, "panelsJSON": "[{\"col\":7,\"id\":\"Entity-Contact-Address-Geo-(geopy)\",\"row\":5,\"size_x\":6,\"size_y\":4,\"type\":\"visualization\"},{\"col\":1,\"id\":\"Entity-Updated-Histogram\",\"row\":1,\"size_x\":6,\"size_y\":4,\"type\":\"visualization\"},{\"id\":\"Entity-Events-Histogram-by-Action\",\"type\":\"visualization\",\"size_x\":6,\"size_y\":4,\"col\":1,\"row\":5},{\"id\":\"Entity-Top-Name-by-Kind\",\"type\":\"visualization\",\"size_x\":6,\"size_y\":4,\"col\":7,\"row\":1}]", "description": ""}, "_type": "dashboard"}, {"_id": "Network-Country-(Top-10)", "_score": 0.0, "_index": ".kibana", "_source": {"visState": "{\n  \"type\": \"pie\",\n  \"params\": {\n    \"shareYAxis\": true,\n    \"addTooltip\": true,\n    \"addLegend\": true,\n    \"isDonut\": false,\n    \"spyPerPage\": 10\n  },\n  \"aggs\": [\n    {\n      \"id\": \"1\",\n      \"type\": \"count\",\n      \"schema\": \"metric\",\n      \"params\": {}\n    },\n    {\n      \"id\": \"2\",\n      \"type\": \"terms\",\n      \"schema\": \"segment\",\n      \"params\": {\n        \"field\": \"network.country_name\",\n        \"size\": 10,\n        \"order\": \"desc\",\n        \"orderBy\": \"1\"\n      }\n    }\n  ],\n  \"listeners\": {}\n}", "version": 1, "kibanaSavedObjectMeta": {"searchSourceJSON": "{\n  \"filter\": [],\n  \"index\": \"ipwhois\",\n  \"highlight\": {\n    \"pre_tags\": [\n      \"@kibana-highlighted-field@\"\n    ],\n    \"post_tags\": [\n      \"@/kibana-highlighted-field@\"\n    ],\n    \"fields\": {\n      \"*\": {}\n    },\n    \"fragment_size\": 2147483647\n  },\n  \"query\": {\n    \"query_string\": {\n      \"query\": \"_type: base\",\n      \"analyze_wildcard\": true\n    }\n  }\n}"}, "description": "", "title": "Network Country (Top 10)"}, "_type": "visualization"}, {"_id": "ipwhois", "_score": 0.0, "_index": ".kibana", "_source": {"timeFieldName": "updated", "fields": "[{\"name\":\"_index\",\"type\":\"string\",\"count\":0,\"scripted\":false,\"indexed\":false,\"analyzed\":false,\"doc_values\":false},{\"name\":\"contact.email.type\",\"type\":\"string\",\"count\":0,\"scripted\":false,\"indexed\":true,\"analyzed\":false,\"doc_values\":true},{\"name\":\"contact.phone.type\",\"type\":\"string\",\"count\":0,\"scripted\":false,\"indexed\":true,\"analyzed\":false,\"doc_values\":true},{\"name\":\"roles\",\"type\":\"string\",\"count\":0,\"scripted\":false,\"indexed\":true,\"analyzed\":false,\"doc_values\":true},{\"name\":\"contact.address.geo\",\"type\":\"geo_point\",\"count\":0,\"scripted\":false,\"indexed\":true,\"analyzed\":false,\"doc_values\":false},{\"name\":\"contact.email.value\",\"type\":\"string\",\"count\":0,\"scripted\":false,\"indexed\":true,\"analyzed\":false,\"doc_values\":true},{\"name\":\"contact.address.type\",\"type\":\"string\",\"count\":0,\"scripted\":false,\"indexed\":true,\"analyzed\":false,\"doc_values\":true},{\"name\":\"contact.kind\",\"type\":\"string\",\"count\":0,\"scripted\":false,\"indexed\":true,\"analyzed\":false,\"doc_values\":true},{\"name\":\"contact.address.geo.geohash\",\"type\":\"string\",\"count\":0,\"scripted\":false,\"indexed\":true,\"analyzed\":false,\"doc_values\":true},{\"name\":\"links\",\"type\":\"string\",\"count\":0,\"scripted\":false,\"indexed\":true,\"analyzed\":false,\"doc_values\":true},{\"name\":\"contact.phone.value\",\"type\":\"string\",\"count\":0,\"scripted\":false,\"indexed\":true,\"analyzed\":false,\"doc_values\":true},{\"name\":\"notices.title\",\"type\":\"string\",\"count\":0,\"scripted\":false,\"indexed\":true,\"analyzed\":false,\"doc_values\":true},{\"name\":\"remarks.title\",\"type\":\"string\",\"count\":0,\"scripted\":false,\"indexed\":true,\"analyzed\":false,\"doc_values\":true},{\"name\":\"handle\",\"type\":\"string\",\"count\":0,\"scripted\":false,\"indexed\":true,\"analyzed\":false,\"doc_values\":true},{\"name\":\"contact.address.value\",\"type\":\"string\",\"count\":0,\"scripted\":false,\"indexed\":true,\"analyzed\":true,\"doc_values\":false},{\"name\":\"contact.address.geo.lon\",\"type\":\"number\",\"count\":0,\"scripted\":false,\"indexed\":true,\"analyzed\":false,\"doc_values\":false},{\"name\":\"remarks.description\",\"type\":\"string\",\"count\":0,\"scripted\":false,\"indexed\":true,\"analyzed\":false,\"doc_values\":true},{\"name\":\"contact.name\",\"type\":\"string\",\"count\":0,\"scripted\":false,\"indexed\":true,\"analyzed\":false,\"doc_values\":true},{\"name\":\"contact.address.geo.lat\",\"type\":\"number\",\"count\":0,\"scripted\":false,\"indexed\":true,\"analyzed\":false,\"doc_values\":false},{\"name\":\"events.timestamp\",\"type\":\"date\",\"count\":0,\"scripted\":false,\"indexed\":true,\"analyzed\":false,\"doc_values\":true},{\"name\":\"notices.description\",\"type\":\"string\",\"count\":0,\"scripted\":false,\"indexed\":true,\"analyzed\":false,\"doc_values\":true},{\"name\":\"entities\",\"type\":\"string\",\"count\":0,\"scripted\":false,\"indexed\":true,\"analyzed\":false,\"doc_values\":true},{\"name\":\"_source\",\"type\":\"_source\",\"count\":0,\"scripted\":false,\"indexed\":false,\"analyzed\":false,\"doc_values\":false},{\"name\":\"updated\",\"type\":\"date\",\"count\":0,\"scripted\":false,\"indexed\":true,\"analyzed\":false,\"doc_values\":true},{\"name\":\"events.action\",\"type\":\"string\",\"count\":0,\"scripted\":false,\"indexed\":true,\"analyzed\":false,\"doc_values\":true},{\"name\":\"status\",\"type\":\"string\",\"count\":0,\"scripted\":false,\"indexed\":true,\"analyzed\":false,\"doc_values\":true},{\"name\":\"query_geo.lat\",\"type\":\"number\",\"count\":0,\"scripted\":false,\"indexed\":true,\"analyzed\":false,\"doc_values\":false},{\"name\":\"network.parent_handle\",\"type\":\"string\",\"count\":0,\"scripted\":false,\"indexed\":true,\"analyzed\":false,\"doc_values\":true},{\"name\":\"network.country_name\",\"type\":\"string\",\"count\":0,\"scripted\":false,\"indexed\":true,\"analyzed\":false,\"doc_values\":true},{\"name\":\"query_geo\",\"type\":\"geo_point\",\"count\":0,\"scripted\":false,\"indexed\":true,\"analyzed\":false,\"doc_values\":false},{\"name\":\"network.country_geo.lat\",\"type\":\"number\",\"count\":0,\"scripted\":false,\"indexed\":true,\"analyzed\":false,\"doc_values\":false},{\"name\":\"asn_cidr\",\"type\":\"string\",\"count\":0,\"scripted\":false,\"indexed\":true,\"analyzed\":false,\"doc_values\":true},{\"name\":\"network.country_geo\",\"type\":\"geo_point\",\"count\":0,\"scripted\":false,\"indexed\":true,\"analyzed\":false,\"doc_values\":false},{\"name\":\"asn_date\",\"type\":\"date\",\"count\":0,\"scripted\":false,\"indexed\":true,\"analyzed\":false,\"doc_values\":true},{\"name\":\"network.links\",\"type\":\"string\",\"count\":0,\"scripted\":false,\"indexed\":true,\"analyzed\":false,\"doc_values\":true},{\"name\":\"asn_country_code\",\"type\":\"string\",\"count\":0,\"scripted\":false,\"indexed\":true,\"analyzed\":false,\"doc_values\":true},{\"name\":\"network.status\",\"type\":\"string\",\"count\":0,\"scripted\":false,\"indexed\":true,\"analyzed\":false,\"doc_values\":true},{\"name\":\"network.country_geo.lon\",\"type\":\"number\",\"count\":0,\"scripted\":false,\"indexed\":true,\"analyzed\":false,\"doc_values\":false},{\"name\":\"network.country\",\"type\":\"string\",\"count\":0,\"scripted\":false,\"indexed\":true,\"analyzed\":false,\"doc_values\":true},{\"name\":\"network.end_address\",\"type\":\"ip\",\"count\":0,\"scripted\":false,\"indexed\":true,\"analyzed\":false,\"doc_values\":true},{\"name\":\"network.type\",\"type\":\"string\",\"count\":0,\"scripted\":false,\"indexed\":true,\"analyzed\":false,\"doc_values\":true},{\"name\":\"network.remarks.title\",\"type\":\"string\",\"count\":0,\"scripted\":false,\"indexed\":true,\"analyzed\":false,\"doc_values\":true},{\"name\":\"network_events_timestamp\",\"type\":\"date\",\"count\":0,\"scripted\":false,\"indexed\":true,\"analyzed\":false,\"doc_values\":true},{\"name\":\"network.notices.title\",\"type\":\"string\",\"count\":0,\"scripted\":false,\"indexed\":true,\"analyzed\":false,\"doc_values\":true},{\"name\":\"query_country_name\",\"type\":\"string\",\"count\":0,\"scripted\":false,\"indexed\":true,\"analyzed\":false,\"doc_values\":true},{\"name\":\"query\",\"type\":\"ip\",\"count\":0,\"scripted\":false,\"indexed\":true,\"analyzed\":false,\"doc_values\":true},{\"name\":\"network.name\",\"type\":\"string\",\"count\":0,\"scripted\":false,\"indexed\":true,\"analyzed\":false,\"doc_values\":true},{\"name\":\"network.events.timestamp\",\"type\":\"date\",\"count\":0,\"scripted\":false,\"indexed\":true,\"analyzed\":false,\"doc_values\":true},{\"name\":\"network.remarks.description\",\"type\":\"string\",\"count\":0,\"scripted\":false,\"indexed\":true,\"analyzed\":false,\"doc_values\":true},{\"name\":\"network.start_address\",\"type\":\"ip\",\"count\":0,\"scripted\":false,\"indexed\":true,\"analyzed\":false,\"doc_values\":true},{\"name\":\"network.handle\",\"type\":\"string\",\"count\":0,\"scripted\":false,\"indexed\":true,\"analyzed\":false,\"doc_values\":true},{\"name\":\"network.notices.description\",\"type\":\"string\",\"count\":0,\"scripted\":false,\"indexed\":true,\"analyzed\":false,\"doc_values\":true},{\"name\":\"query_geo.geohash\",\"type\":\"string\",\"count\":0,\"scripted\":false,\"indexed\":true,\"analyzed\":false,\"doc_values\":true},{\"name\":\"network.ip_version\",\"type\":\"string\",\"count\":0,\"scripted\":false,\"indexed\":true,\"analyzed\":false,\"doc_values\":true},{\"name\":\"asn_registry\",\"type\":\"string\",\"count\":0,\"scripted\":false,\"indexed\":true,\"analyzed\":false,\"doc_values\":true},{\"name\":\"query_geo.lon\",\"type\":\"number\",\"count\":0,\"scripted\":false,\"indexed\":true,\"analyzed\":false,\"doc_values\":false},{\"name\":\"network.events.action\",\"type\":\"string\",\"count\":0,\"scripted\":false,\"indexed\":true,\"analyzed\":false,\"doc_values\":true},{\"name\":\"asn\",\"type\":\"string\",\"count\":0,\"scripted\":false,\"indexed\":true,\"analyzed\":false,\"doc_values\":true},{\"name\":\"network.country_geo.geohash\",\"type\":\"string\",\"count\":0,\"scripted\":false,\"indexed\":true,\"analyzed\":false,\"doc_values\":true},{\"name\":\"_id\",\"type\":\"string\",\"count\":0,\"scripted\":false,\"indexed\":false,\"analyzed\":false,\"doc_values\":false},{\"name\":\"_type\",\"type\":\"string\",\"count\":0,\"scripted\":false,\"indexed\":false,\"analyzed\":false,\"doc_values\":false},{\"name\":\"_score\",\"type\":\"number\",\"count\":0,\"scripted\":false,\"indexed\":false,\"analyzed\":false,\"doc_values\":false}]", "title": "ipwhois"}, "_type": "index-pattern"}]