[
{
  "pk": 1,
  "model": "south.migrationhistory",
  "fields": {
    "applied": "2015-03-26T17:14:21.192Z",
    "app_name": "backoffice",
    "migration": "0001_initial"
  }
},
{
  "pk": 2,
  "model": "south.migrationhistory",
  "fields": {
    "applied": "2015-03-26T17:14:21.298Z",
    "app_name": "backoffice",
    "migration": "0002_create_services_and_set_timezone_enm"
  }
},
{
  "pk": 3,
  "model": "south.migrationhistory",
  "fields": {
    "applied": "2015-03-26T17:14:21.336Z",
    "app_name": "backoffice",
    "migration": "0003_auto__chg_field_event_title"
  }
},
{
  "pk": 4,
  "model": "south.migrationhistory",
  "fields": {
    "applied": "2015-03-26T17:14:21.476Z",
    "app_name": "backoffice",
    "migration": "0004_auto__add_field_eventlog_msg_id__add_field_eventlog_msg__add_field_eve"
  }
},
{
  "pk": 5,
  "model": "south.migrationhistory",
  "fields": {
    "applied": "2015-03-26T17:14:21.516Z",
    "app_name": "backoffice",
    "migration": "0005_auto__chg_field_event_msg"
  }
},
{
  "pk": 6,
  "model": "south.migrationhistory",
  "fields": {
    "applied": "2015-03-26T17:14:21.600Z",
    "app_name": "backoffice",
    "migration": "0006_auto__chg_field_eventlog_msg_id__chg_field_event_msg_id"
  }
},
{
  "pk": 7,
  "model": "south.migrationhistory",
  "fields": {
    "applied": "2015-03-26T17:14:21.760Z",
    "app_name": "translate",
    "migration": "0001_initial"
  }
},
{
  "pk": 8,
  "model": "south.migrationhistory",
  "fields": {
    "applied": "2015-03-26T17:14:21.782Z",
    "app_name": "translate",
    "migration": "0002_set_traduction"
  }
},
{
  "pk": 9,
  "model": "south.migrationhistory",
  "fields": {
    "applied": "2015-04-22T14:37:39.126Z",
    "app_name": "translate",
    "migration": "0001_initial"
  }
},
{
  "pk": 10,
  "model": "south.migrationhistory",
  "fields": {
    "applied": "2015-04-22T14:37:39.189Z",
    "app_name": "translate",
    "migration": "0002_set_traduction"
  }
},
{
  "pk": 11,
  "model": "south.migrationhistory",
  "fields": {
    "applied": "2015-04-23T11:39:08.262Z",
    "app_name": "backoffice",
    "migration": "0007_auto__add_field_event_last_update"
  }
},
{
  "pk": 12,
  "model": "south.migrationhistory",
  "fields": {
    "applied": "2015-04-23T11:39:08.419Z",
    "app_name": "backoffice",
    "migration": "0008_set_last_update"
  }
},
{
  "pk": 13,
  "model": "south.migrationhistory",
  "fields": {
    "applied": "2015-09-07T11:39:08.419Z",
    "app_name": "socialnetwork",
    "migration": "0001_initial"
  }
},
{
  "pk": 14,
  "model": "south.migrationhistory",
  "fields": {
    "applied": "2015-09-07T09:24:47.875Z",
    "app_name": "backoffice",
    "migration": "0009_move_twitter_to_socialnetwork"
  }
},
{
  "pk": 15,
  "model": "south.migrationhistory",
  "fields": {
    "applied": "2015-09-07T09:24:47.890Z",
    "app_name": "backoffice",
    "migration": "0010_auto__del_field_eventlog_msg_id__del_field_event_msg_id"
  }
}
]
