[
{
  "pk": 1,
  "model": "translate.lang",
  "fields": {
    "iso": "en",
    "name": "English"
  }
},
{
  "pk": 2,
  "model": "translate.lang",
  "fields": {
    "iso": "fr",
    "name": "French"
  }
},
{
  "pk": 3,
  "model": "translate.lang",
  "fields": {
    "iso": "es",
    "name": "Spanish"
  }
},
{
  "pk": 4,
  "model": "translate.lang",
  "fields": {
    "iso": "zh-SG",
    "name": "Simplified Chinese"
  }
},
{
  "pk": 5,
  "model": "translate.lang",
  "fields": {
    "iso": "zh-TW",
    "name": "Translate Chinese"
  }
},
{
  "pk": 2,
  "model": "translate.eventdata",
  "fields": {
    "lang": 1,
    "user": 1,
    "summary": "a filer is down",
    "event": 2,
    "title": "Filer Down"
  }
},
{
  "pk": 3,
  "model": "translate.eventdata",
  "fields": {
    "lang": 1,
    "user": 1,
    "summary": "probleme with the dns server ",
    "event": 3,
    "title": "DNS"
  }
},
{
  "pk": 4,
  "model": "translate.eventdata",
  "fields": {
    "lang": 1,
    "user": 1,
    "summary": "need to do some change in the db\r\n",
    "event": 1,
    "title": "New Release: db alter"
  }
},
{
  "pk": 5,
  "model": "translate.eventdata",
  "fields": {
    "lang": 1,
    "user": 1,
    "summary": "update the server:\r\n1 , 2, 3",
    "event": 4,
    "title": "Update server"
  }
},
{
  "pk": 6,
  "model": "translate.eventdata",
  "fields": {
    "lang": 2,
    "user": null,
    "summary": "un filter est tomb\u00e9",
    "event": 2,
    "title": "Filter tomb\u00e9"
  }
},
{
  "pk": 7,
  "model": "translate.eventdata",
  "fields": {
    "lang": 1,
    "user": 1,
    "summary": "update the server:\r\n1 , 2, 3",
    "event": 5,
    "title": "Update server v2"
  }
},
{
  "pk": 8,
  "model": "translate.eventdata",
  "fields": {
    "lang": 1,
    "user": 1,
    "summary": "update the server:\r\n1 , 2, 3",
    "event": 6,
    "title": "Update server v3"
  }
},
{
  "pk": 1,
  "model": "translate.eventlogdata",
  "fields": {
    "lang": 1,
    "comment": "is now up",
    "user": 1,
    "eventlog": 10
  }
},
{
  "pk": 2,
  "model": "translate.eventlogdata",
  "fields": {
    "lang": 1,
    "comment": "it's fixed",
    "user": 1,
    "eventlog": 9
  }
},
{
  "pk": 3,
  "model": "translate.eventlogdata",
  "fields": {
    "lang": 1,
    "comment": "it will be fixed in time",
    "user": 1,
    "eventlog": 8
  }
},
{
  "pk": 4,
  "model": "translate.eventlogdata",
  "fields": {
    "lang": 1,
    "comment": "half of it is back",
    "user": 1,
    "eventlog": 7
  }
},
{
  "pk": 5,
  "model": "translate.eventlogdata",
  "fields": {
    "lang": 1,
    "comment": "ok it's done",
    "user": 1,
    "eventlog": 6
  }
},
{
  "pk": 6,
  "model": "translate.eventlogdata",
  "fields": {
    "lang": 1,
    "comment": "Someting went wrong it might take more time that planned\r\n",
    "user": 1,
    "eventlog": 5
  }
},
{
  "pk": 7,
  "model": "translate.eventlogdata",
  "fields": {
    "lang": 1,
    "comment": "everthing's is gooing as plannde for the moment",
    "user": 1,
    "eventlog": 4
  }
},
{
  "pk": 8,
  "model": "translate.eventlogdata",
  "fields": {
    "lang": 1,
    "comment": "Everything done as planned",
    "user": 1,
    "eventlog": 3
  }
},
{
  "pk": 9,
  "model": "translate.eventlogdata",
  "fields": {
    "lang": 1,
    "comment": "server 2 done\r\n1 more to do\r\n",
    "user": 1,
    "eventlog": 2
  }
},
{
  "pk": 10,
  "model": "translate.eventlogdata",
  "fields": {
    "lang": 1,
    "comment": "server 1 done\r\n2 more to do\r\n",
    "user": 1,
    "eventlog": 1
  }
},
{
  "pk": 11,
  "model": "translate.eventlogdata",
  "fields": {
    "lang": 2,
    "comment": "tout est ok",
    "user": null,
    "eventlog": 10
  }
},
{
  "pk": 12,
  "model": "translate.eventlogdata",
  "fields": {
    "lang": 2,
    "comment": "une partie est re-disponible",
    "user": null,
    "eventlog": 7
  }
}
]
