[
  {
    "pk": 1,
    "model": "auth.user",
    "fields": {
      "username": "gandi",
      "first_name": "",
      "last_name": "",
      "is_active": true,
      "is_superuser": true,
      "is_staff": true,
      "last_login": "2014-04-03T15:52:14.498Z",
      "groups": [],
      "user_permissions": [],
      "password": "pbkdf2_sha256$10000$OkkpRZg793ab$5PRp94y15u9jJLxnDZN7xWrr+mVISTyaFZYjRj3vHbE=",
      "email": "devnull@gandi.net",
      "date_joined": "2014-04-03T15:52:03.596Z"
    }
  }
]
